Vicki Cunnell,57699468G,1967
Emlynn McNelly,15006838V,1998
Anni Dutt,47689063C,1995
Selig Ower,82474061Z,2010
Jarrett Holbie,45103185T,2004
Hazel Loyley,05492519S,2011
Blake Sictornes,27265713D,2002
Fannie Tidbold,77516174X,2003
Dud Lewcock,86314185Z,2012
Lyon Kempton,84444777R,1985
Nickie Sapshed,97051957B,1997
Domingo Shakespeare,19491926W,1997
Cayla Iacovino,58391108V,1976
Coralyn Elwin,82917638E,2006
Farris Isaacs,35109023K,1998
Lilias Jasper,17953534A,1992
Errick Abramin,86205858U,2008
Valenka Beggini,61655251G,1994
Roddy Linguard,52583547P,2011
Adelaida Dilloway,63769038A,1996
Hendrick Cherm,25024232J,1993
Sansone Lawther,92958331W,1992
Peggie Triggs,02394073D,2006
Alard Mearing,95728622B,2006
Odelinda Baigrie,39453993H,1984
Maxi Spellacey,19866894E,1988
Dani Harryman,16186429X,2008
Casey Easterbrook,07695927T,1997
Melanie Loy,70383461S,2007
Agna Allso,75839352T,2005
Linell Deamer,87852575A,2007
Arlie Jodlkowski,46761663V,1988
Jacquetta Healing,24166642T,1992
Goldi Laxon,49775426Q,1992
Clary Dallywater,80493333Z,2005
Viki McNish,31211149J,2006
Fannie Behrendsen,56255238K,1997
Damian Tuvey,91972224C,2004
Ax Piotrkowski,13180184B,2008
Adrea Vergo,44255919W,1995
Rollo Canter,35493864A,2011
Javier Warner,51214707B,1997
Averil Capponer,94631789S,1992
Carena Wooldridge,58964066Z,1996
Robbert Whittington,78265763Y,1998
Godwin Tue,40390398Q,1997
Liza Hutchison,61519427D,1989
Flinn Billes,90375562C,1994
Samantha Dallow,05590980M,1998
Chaddie Keyzman,90210553N,2010
Maddie Birkenhead,46357082A,2009
Annora Cranfield,15273457D,2000
Julietta Manuel,83430771T,2006
Claudine Huggin,96075251M,1988
Griffy Challiss,15905888G,1996
Lee Thorndycraft,24083513N,1988
Charles Tonnesen,43320244C,2010
Constantine McNickle,75684972K,1950
Hugo Wallege,32314577M,1997
Tildy Winyard,44529991Y,1994
Tallia Symington,58508781H,2003
Claiborne Relfe,81932686E,2011
Den Linck,56801548O,2008
Margarete Pringley,21272452P,1992
Lilly Keynes,17357326J,2004
Boothe Blaydon,11243096Q,1985
Eda O'Gready,82976081B,2003
Legra Saiz,92278708Y,2000
Nell Creeber,96742113Y,2007
Marshal Brewer,22344920W,1995
Burke Glaysher,40602587B,2006
Lalo Cranke,18899107U,2006
Munmro Ruusa,84531334D,1992
Morganne Croxall,29645031L,2000
Celestyna Fitch,82557660I,1996
Dorena Marchington,35704815K,2008
Brennen Chessel,96390194R,1989
Bradly Wilcher,39245021C,1995
Kelbee Mathivon,40328087P,2011
Billie Woolnough,88243945C,2007
Minor Bartolommeo,79481550O,1999
Wanids Plewright,01975918W,2000
Guenna Dhillon,72916713I,1988
Janel Josselson,94488326H,1997
Clemence Jeffs,67614317O,1999
Annamarie Meachem,68211644D,1999
Emmett Ingray,29883950M,2009
Vanni Cohani,46839019B,1991
Trent Careless,36034952U,2012
Aryn Witz,70335527D,1993
Nickey Fazakerley,88669297U,2004
Pattie Rime,36346642M,1996
Roxana Well,20700573S,2010
Elsa Grimley,93771743K,1990
Enrica Gegay,20463163G,2010
Rora Haresnaip,22266254T,2001
Virginie Huonic,13408365S,2010
Uriah Qualtro,05391981Y,2008
Maurise Ather,14642472U,1993
Harman Zapatero,71784990M,2006
Shoshana Canete,26523319R,2001
Hertha Platt,67972259B,2006
Winna Ebbles,13924335B,2012
Dawn Crudgington,79710239N,2012
Fredrick Woolsey,34251167M,2006
Paxton Caherny,84921553W,2000
Krista Ickowics,25893452I,1990
Nicholas Sockell,79274962F,2012
Goldia D'Hooge,70685758W,2001
Aleen Cairney,03817708C,2002
Ingeberg Grose,26413984S,1996
Rosalinda Goady,94575343Y,1993
Walliw Clemenzi,31919863A,2007
Kakalina Chrismas,82780482Z,2013
Roseline Hinkes,96569886R,1997
Merrilee Slayny,44247842H,2011
Jefferey Pinnell,56532963G,2011
Shannen Crooks,57544508V,1996
Edyth Knibbs,38311222D,1996
Egbert Nettles,68151384S,2008
Benedetto Skeleton,99575780B,1998
Leilah Magnay,33019190F,2009
Gordie Stanesby,34814953I,2008
Rubi Cudby,11936263K,2011
Marj Santen,12622915E,2010
Smith Oger,86385848V,1982
Lennard Boulds,88861725W,2008
Katharine McGaughie,23255375Z,1996
Tallie Braams,54548456U,1995
Herc Penhalurick,69460235A,1997
Brewer Emett,64801152P,2005
Noami Goldberg,57483919P,1990
Barbara Clayson,16178655M,2004
Inger Cheetam,57378743Z,2010
Federico Seldon,19384660W,1990
Jeri Waddup,13495505O,2005
Artie Seekings,08737602L,1996
Renault Valentin,17696535Z,2011
Johanna Tilson,39621439X,1994
Simone MacEnelly,91591635J,2007
Barnabas Dionisi,27345370L,2006
Kliment Wilkison,04124849D,1998
Lanita Deehan,55672714K,1996
Sigismundo Castanho,59489867O,1995
Junie Leith,54480533A,1996
Cosetta Herity,69428128Y,2013
Dorian Stowers,63553497Y,2004
Adriaens Cockshot,50659668I,2006
Bekki Matterface,35185934Y,2009
Franklyn Bedenham,69147964V,2004
Anni de Lloyd,50279692R,2000
Merrilee Lindsay,14687595D,1992
Kynthia Dahlman,99671485O,1995
Opaline Quesne,55618846E,2005
Yoko Skeath,49458192E,2009
Albert Vasyushkhin,19077357N,1994
Rudolph Akid,46518178T,2004
Tony Lemasney,93764695E,2001
Isabel Easterling,61955927A,1997
Laetitia Slateford,39316588I,1984
Midge Tompkin,25459333S,1996
Ermentrude Daunter,25378662M,2006
Joel Redier,31845629F,2009
Issiah Gwillym,93792717C,2008
Merilyn Gennerich,10624524P,2011
Neville Milson,29109065A,2012
Nicholas Stolberg,94356325B,1990
Abbe Meanwell,99130490T,2006
Gannon Skocroft,98624417Z,1985
Jeni Meriguet,26104524F,2010
Delila Dunsford,46019442O,2007
Eddi Arrundale,20034331G,2000
Arlen Cropp,82719065W,1992
Zelig Cosgrove,88259165E,2008
Cassi Defew,99886677U,1993
Archer Dunbobin,76644522Z,2000
Helen Brewis,77256688X,2006
Wes Flinders,44527746A,1991
Earle Maber,06257391C,2012
Emmery Gilffillan,39022251C,1977
Cristionna Hrachovec,76412775Z,1999
Roberto McFadzean,78239087P,2004
Axel Cough,83752811F,1991
Gregor O'Henecan,63792528S,2002
Rabi Villalta,58440272Y,1999
Benny Rouchy,29087593Z,2011
Evonne Hallewell,60344594S,2005
Colleen Kohter,40133559R,2010
Dolorita McKomb,02873630N,1969
Jill Roman,16435451I,2006
Antonius Ronaldson,97682826T,1987
Madelon McAree,31385075E,1998
Berthe Alejandro,88314839X,1993
Rosemarie Cirlos,94690427O,1998
Glennie McCotter,12595391C,1996
Mathian MacSporran,72922783G,2009
Guendolen Origin,48910136Z,1984
Shelden Antoszczyk,61087203F,2009
Theresa Griffiths,73715581T,2005
Donnie Martinets,53118270N,2002
Sena Brodley,76592315V,1993
Paulette McInteer,42308837F,2001
Ilise Garnsworth,90727330N,1992
Reade Fanthome,58611755I,1995
Marti Phibb,48485654J,1966
Marisa Kohnen,64777021R,2011
Hervey Gaukrodge,10555575I,2009
Ingrim Scorrer,50739652D,1989
Rooney Pratten,59945624Z,2008
Maggi Lampe,68013088U,1996
Caitlin Lesek,08383242J,2004
Natalina Ebi,30563121M,1992
Mandie Samuel,84304512A,1997
Randy Kainz,79014214A,2008
Dagny Allott,75295572E,2004
Trudie Annable,76971672G,2001
Verge Giannasi,32018096O,1994
Tommie Deeny,41600865X,2011
Zilvia Danson,53118967D,2007
Eamon Danhel,09018505T,2008
Leonid Cayley,09181807E,2013
Yule Nellen,04193323I,2010
Anthe Obin,99917853M,1992
Felix Bratton,60993039S,2005
Laurence Sember,60747042F,1999
Tam McCart,94964585Z,1999
Stacee Bonney,41757797V,1991
Elicia Northfield,08796838S,2002
Ardine Botwright,87353327G,1991
Francesca Hairsine,13820002G,1997
Gustave Dantesia,88004831M,1996
Grove O'Haire,73310811T,2010
Lindsay Kilmurry,92478539P,1999
Bernard Waith,85239852P,1997
Sarena Jodrelle,78712840N,1999
Hilary Critchlow,76399516I,2008
Goraud Biset,96052286E,2006
Archaimbaud Dulake,53325016W,1990
Conant Lamshead,04697877T,2001
Teddi Cater,35995800M,1992
Tucky Storres,46928391K,2001
Carey Jull,34587557A,2010
Sianna McKibben,69345562Q,1995
Vale Welsh,66091894L,2011
Erwin Shoutt,27935124C,1985
Walker Bach,79824393U,2000
Honor Wilce,78627146G,2004
Jose Wimpenny,34863698T,2008
Francisco Collacombe,52489348J,1993
Karly Fleeming,57633284P,1993
Emogene Weekly,38259902G,2004
Caleb Gorhardt,23443475Y,2011
Laurens Dittson,73514550G,2003
Emilia Rivelin,61407305V,1999
Vikky Reinhardt,33103053R,1999
Kathi White,78713399Z,1988
Shelagh Solesbury,84701819A,2000
Isabella Lidierth,95021755D,2003
Cele Lerego,13314400C,2004
Aridatha Stiegars,41168337V,2003
Antoine Stringman,92054121C,2012
Janith Inett,96508542V,1996
Hallie Chrichton,40247037G,1994
Tobiah Bartomieu,19573999D,2003
Wallis Coldham,79468868K,1994
Kenneth Uccelli,01768103C,2002
Gretchen Siddons,42548914T,2006
Chrissy McPartling,15934203C,2003
Johny Antonoczyk,32545604D,1996
Meagan Denford,38630108U,1984
Violette Caze,30935554O,1999
Fabien Bonnet,11543140G,2002
Danette Bestar,97565698H,1988
Sonya Sheeres,25982723F,2009
Marley Robeiro,45229700T,1993
Xever Cockill,98690269J,1989
Lorette Challener,77940696N,1997
Dorie Yushin,83994281N,1990
Fair Goodluck,75861519J,1999
Eugenia Oleksinski,09964173M,2001
Melvin Tome,76666106H,1988
Alisha Kimblin,84051386I,1997
Kristen Ciccerale,82327353E,2000
Honoria Griffitt,73410102L,1985
Andreana Stride,16793371L,2002
Bar Dametti,49991279F,2008
Harlie Shark,97841236U,1999
Dennison Arkil,16665502U,2000
Augusto Innis,23954697P,1986
Morganica Codi,70184663A,2003
Stan Mouse,77277317C,1999
Hube Venturoli,23126965I,2006
Shandie Muckersie,69725044I,1962
Cedric Skotcher,03474313I,2007
Tobey Ronald,81734998M,2003
Allina Pettecrew,48177217O,1991
Haydon Balls,32971220B,1999
Kincaid Osinin,61840537N,2002
Padraig Iceton,67798708J,1995
Sue Steward,08441014H,2007
Crin Moir,84369390T,1987
Lemar Wenban,52344597L,2009
Kenyon Wheelband,90889335W,2001
Jackie Povall,15527132K,1995
Fancy Ganforth,93441337W,2010
Stinky Azam,42289075A,2007
Radcliffe Pascall,80984057L,2006
Lorianna Yurkin,03763065J,1990
Matilda Jevons,84955022B,2006
Jasmin Stihl,53960917V,1996
Junina Godwyn,99564831H,2011
Leroy O'Dempsey,30368228L,1987
Ade Vause,72257725M,1986
Minnaminnie Kenwright,08153815D,1994
Rockwell Runnicles,22029119I,1993
Angel Puddefoot,11419599Q,1995
Vanya Cool,87649526H,1993
Elisha Lawling,51744335Y,1992
Jeremias Palle,58300947Q,2011
Murdock Griffen,14455037T,1993
Dori Moses,58903216T,1987
Sibyl Cottell,65469481R,2011
Julita Drohane,14989072Z,1997
Greta Pautot,67521239H,2005
Kania Probbing,98880791D,1995
Gabbie Trundler,24060430D,1963
Si Vignal,92869519J,1996
Arden Greensall,50219654C,2006
Mathilda Schirak,06541451O,1993
Carol Challinor,63659976G,1974
Kylie Douris,91721578A,2005
Blake Edeson,44845845S,2006
June Fateley,48997881L,2007
Verge Linning,13472569Y,1989
Dniren Tillerton,33922233Y,1993
Nora Geddis,25973912L,2003
Bess Yushmanov,92778734F,1979
Brooks Hanton,76269118A,2005
Alica Nucciotti,74975115X,2000
Akim Inglesent,48369908A,2009
Fowler Revelle,71853462P,2002
Esteban Fontanet,59380445E,1997
Rutter Jizhaki,40366009V,1995
Beltran Stirton,28689941T,1993
Benedetto Silverwood,91232051A,1992
Katlin Whichelow,09500914C,2009
Paddie Garratty,76827006P,2000
Belvia Plaxton,69112115T,1992
Sara Vesco,29511939G,2007
Neila Strafford,95343154B,2011
Emmey Robelet,78279332N,1984
Willi Sperwell,37122272L,2010
Enrico Brannan,21828259F,1995
Griffie Gillani,82641642L,1987
Obie Sempill,77568689V,1990
Tyrone Russi,28360822L,1970
Alphonso Carn,50541968M,2010
My Beadle,40070382M,2001
Gaylor O'Giany,86064468I,2009
Berthe Allworthy,93457399L,1995
Crin Hierro,89484319X,2010
Ludovika Gaskell,60644638G,2000
Moises Fynes,76099030T,1985
Frasquito Langhor,19764649F,1995
Eugenie Goulborn,93388286I,1992
Ozzy Stoate,74014624Q,1987
Clarinda Matuszewski,69701529H,1992
Whitaker Moorhouse,98293160R,2004
Tomlin Sainsberry,82311865Z,2007
Lazar Bullan,03463493T,1988
Neal Goodbourn,79382719L,1994
Randolph Saxelby,03315763M,1986
Elfie Fincher,87732233V,1995
Evonne Stallwood,35372550S,1997
Starr Bruntjen,30340014T,2009
Kerrie Briddock,97416706Q,2000
Raphaela Venn,51658876O,2010
Charlton Egel,19147813N,1994
Nanette Kordas,87081321T,2011
Shurlocke Chilcotte,99893488Q,2000
Thaddus Sproston,61871273N,1992
Pearl Cutteridge,35652344F,2001
Raimund Mandre,02978409H,2002
Codi Stenhouse,20561038Y,2002
Taber Mynard,59234184F,2000
Olia Petrashkov,04823529B,1992
Rosabella Torrent,08288352C,2001
Lazare Nenci,73784248Q,2002
Vanda Hursthouse,62032028X,2011
Gennifer MacShirrie,49476780F,1984
Manuel Probat,17729366G,2000
Garry Lalevee,78379123U,1990
Eda Cramer,54378228P,2008
Dylan Duddle,86866302H,1979
Tillie Summerlee,99151787Q,1984
Elsbeth Loudian,42201723P,2002
Kirbee Bowie,03610338A,1997
Nola Furmage,68317460M,2003
Rafaelia Dunstan,32703598T,1998
Maggi Cavell,42489300Z,2002
Theodora Librey,31967719W,2005
Briney Ianni,01824360X,1995
Lorraine Spuner,60340246R,2006
Orlando Keady,95410703K,1991
Hershel Outridge,52361627J,2011
Regina Battson,26931610A,1990
Misti MacKeague,50631418H,2007
Stanford Prickett,88621638U,2009
Lazare Le feaver,45598920J,2009
Amalea Hardi,96726048T,2007
Sayre O'Farrell,39705908Y,2008
Way Elgey,58557658E,2006
Barbabra Leatham,89651274U,2010
Reeta Terrey,29948700D,2009
Boyce Slaney,93361312C,2006
Angeline Arzu,50668532P,1998
Ashly Rookwell,72957615X,2007
Quinta Jovis,55822621Y,1995
Lissi Mendonca,14587412N,1986
Keefer Kinnock,58698750H,1994
Ario Nisbith,90029365T,2003
Georgiana Hurle,52530844Z,2000
Staffard Balderston,79571716T,2003
Ellissa Spilsbury,35215135J,1993
Kyrstin Barclay,90587115Y,2003
Stesha GiacobbiniJacob,46658113C,1994
Gustave Swatten,84770369N,1993
Alasteir Ebunoluwa,94606621C,2012
Darn Barsham,22514420M,1998
Ede Sprackling,21874403G,2004
Griswold Semmens,69484035U,2006
Janine Ducker,94909312J,2002
Betsey Berr,04844383M,2003
Spense Durtnel,72290995Z,2010
Rivi Phelip,80219264K,1999
Mela Wooderson,46879364T,2006
Lethia Snaith,30597216N,1954
Gabbie Croshaw,66115557T,1999
Ash Jaffrey,24993509M,2007
Heinrick Breit,28785319J,2000
Chrysler Yven,77517206S,1987
Gene Tringham,47097797Z,1995
Catrina Brandes,56821879F,2004
Deeann Lowsely,55536056O,2009
Tam Tace,87935444T,1989
Mendy Arents,92282196I,1999
Yetty Belward,71562095B,1988
Josey Kuhnel,06352011V,2010
Nicola Macconaghy,22794469U,1998
Blinny MacConnechie,39596709U,1997
Sisely Growcott,00480007L,2009
Archaimbaud Hendrich,69615209Z,1994
Karia Lovat,42920011Y,2002
Sunny Cohane,16516493W,1990
Rafael Turpey,61860707G,1994
Alaine Olohan,83174420Q,1997
Cassondra Kennerknecht,46073608J,2010
Agnes Eschalette,70134784R,2009
Elysia Blanden,09288916E,2012
Dido Kunert,70473800P,2006
Harmonie Chstney,56581735H,1993
Burg Antrum,43803628V,2003
Kristien Olivas,83937910T,2005
Meade Tinkham,33463211M,1995
Agnese Nevill,98452259O,2006
Anthe Bonehill,10559287I,2012
Randall Lefley,52950640J,2008
Vail O'Spellissey,50392288D,2005
Hector Westfalen,33340545Z,1992
Cris Spottswood,58653511B,1993
Remus Mundwell,67313643Z,2012
Ado Gail,92260658V,1994
Liesa Sandison,18693358B,2009
Nonnah Goodhay,30544506P,1995
Bobbee Orrow,05030388F,2011
Linn Brasseur,80234397Y,1989
Myrvyn Sammes,34213883A,2012
Magda Leetham,06133912S,1999
Alysia Townend,98306908R,2013
Casie Colliss,30117387M,2012
Tito Seeds,62198850E,2008
Ade Hayley,80730706G,1993
Alejandrina Stanyforth,52574669O,2001
Berti Winfindale,81821821V,2010
Marabel Brockington,68669340N,1986
Kynthia Barrett,75396045S,1986
Elsbeth Dugget,75925530A,2004
Elfreda Josofovitz,74321249U,2010
Kahaleel Latey,40898918T,2008
Jillayne Niemetz,16729898R,2006
Arri Booton,18609225A,1997
Pearl Girkin,85147098Q,1995
Angie Uzelli,84665904T,2006
Alyda Stubbington,44537475P,2012
Harmon Sheehan,58937933I,1992
Adoree Theodoris,22848372N,1993
Cleopatra Gockeler,85923028C,1992
Stuart Melsome,09161731C,2001
Gard Byrd,88778036U,1993
Thor Skones,54080661R,1961
Dulcie Forth,46473899N,1997
Rhetta Korpal,73960808L,2007
Bethina Jacobsohn,85598515N,2010
Bobbee Barbosa,16035294V,2005
Erskine Van der Daal,33904150X,2003
Crystal McGeachy,46422515S,2009
Berke Simionescu,07839554F,1994
Dolley Yerill,14831814R,1994
Homere Ipsly,00508440T,2009
Beatrix Priestner,19637725H,2010
Orv O'Heffernan,37733281S,1988
Brannon Hunnable,40665712N,1996
Ashley Hukins,47027974U,2011
Joshia Hambribe,62030435G,2011
Theadora Hubball,50379323F,1985
Randie Breedy,80128211B,1995
Fanni Cuxon,06854648U,2001
Margaux Rubinowitsch,70952209X,2012
Leslie Nornasell,35799499U,2003
Tucker Boldt,63618905O,2009
Denice Vowdon,13739920Y,1995
Nerti Blitz,76998156D,2009
Lanna Kirkebye,49291961E,1989
Otha Lawey,86865019M,1997
Durant Jackman,30903453Y,1994
Mathias Woodthorpe,34620765O,1994
Arvie Streather,54332520J,1999
Janina Farrow,27213572F,2007
Rodger Spurden,02153752Z,1987
Katerina Rippingall,16615494J,2006
Archibald O' Clovan,28888402M,1993
Lynnette Orteaux,09770256G,1986
Carroll Ward,49641170A,1999
Arluene Mutlow,52552253F,2011
Lauren O'Sirin,07008260O,1955
Bambi Cathersides,70738082V,1994
Helaina Bogaert,55907085I,2009
Susann Deboick,00711439G,2001
Anna-diana Fahrenbach,72728195V,2008
Scotti Ingrey,14106217V,2008
Alida Strain,39101497U,1995
Cleo De Benedetti,24909904I,2001
Chevalier Profit,95327879J,2012
Gearard Cunio,73551325O,2004
Bert Ebdon,69360539H,2010
Sterne Revell,26248656K,2007
Fania Jerrard,66931543X,1998
Roana Mila,62846500O,2002
Garold Christley,65636802C,1986
Helli Davidek,65188557B,2012
Tamqrah Oldroyde,38786244M,2001
Pembroke Pottberry,54761304A,1997
Gael Zannelli,46248221U,2004
Suzette Ostrich,17706280A,2003
Jard Tieman,18781202L,2000
Donnie Ledgley,67689361A,2008
Lannie McGairl,48906889W,2012
Cory Morrell,32428862O,2013
Julian Maty,50306842M,2002
Arnold Le Gall,60919704G,2005
Shanan Dengate,49722852M,1994
Jen Corbie,03397781H,2002
Cindi Seczyk,56935646E,2005
Dagmar Naris,94517501S,2008
Kaye Taft,19535050I,2005
Violante Parfett,52916217P,1999
Desirae Watterson,28142766X,2000
Marilyn Hutcheons,13144584V,1989
Lenora Allibone,03500328J,2001
Lincoln Ellerker,97975528P,1995
Bride Balshaw,76354017A,2007
Robb Bringloe,81712855A,2012
Letisha Minear,50016936C,2007
Silvan Andrea,78878758C,1998
Brandise Treadgall,29996228R,1994
Melvyn Jantet,10223077N,1999
Fraze Spurgin,98572692Z,2002
Valry Longstaffe,47242242V,2010
Sebastiano Ioannou,76179350W,2005
Mellisa Le Breton,66740677G,1997
Ambrose Umpleby,59304063X,2010
Bibby Richardot,24682362D,2006
Min Newbegin,91981155O,2012
Urson Ottewill,05194276Y,2010
Alix Paten,59382437S,2006
Barnabas Kissick,37904481B,2008
Belinda Cutten,61821910I,2004
Starlene Lerway,60059683R,1999
Zerk Bridgewater,64378237N,1993
Viki Suett,86423933O,2008
Nata Karus,30552475K,1998
Cybill Arlet,09947760M,2010
Nessie Mapes,84509034T,2008
Alene Gabriely,76305624M,2009
Jordan Jopke,50421562T,2011
Lavinie Gobeaux,59562600G,1986
Archambault McGinny,43438402K,2010
Lesley Greatland,00116724Q,2001
Stevie Kensitt,56006093E,1989
Forrester Cabedo,20436417T,2006
Kenn Rosenbaum,30339392R,2009
Fayette Gashion,73354027R,2005
Marty Dunston,94172841S,2007
Don Peatheyjohns,75606148X,2006
Barrie Lampke,54848042P,1986
Ramona Canet,58059471A,2000
Cristionna Manginot,26132827J,1971
Louisette Sorey,60766960V,1994
Willem Curgenven,78302246F,2007
Helen Arnowicz,88243952R,1967
Darius Laudham,81378202D,2012
Janifer Catherine,77370092O,2011
Jodie McKag,62709420Y,2003
Darryl Meenehan,50487280J,1999
Corney Leere,17973747D,2009
Delcina MacGillavery,00200441Q,1999
Elianora Duffyn,94762862C,2005
Kendrick Gasker,46767788P,1986
Lawry Taggart,33966434Y,2010
Somerset Saph,46230024N,1997
Alica Broadbridge,03559678S,1997
Cyndia Colvin,08195514U,2008
Ty Orlton,28992695U,1994
Loella Gulliford,29819326B,1986
Adela Churchard,27799911Y,2007
Aguistin Slimm,03145737U,2006
Karoly Garrad,22331803D,1989
Angelica Ivic,73642446I,2012
Henry Kirsz,78256709X,2010
Dannie Durnford,87744496A,2003
Henrie McCullough,36987220E,1998
Phedra Ickowicz,90779463T,2010
Cody Carlyle,03561514W,2004
Donaugh Joiris,68518284Y,2006
Rebekkah Kasher,04856612A,2007
Danica Le Pine,71109110J,2009
Falkner Lau,20894667W,2000
Vickie Kuhnke,52547007Y,2003
Anny Allnutt,67181702O,1999
Lelia McEntegart,02322870T,2003
Mab Houlaghan,57431168P,1967
Keslie Weond,58327636R,1989
Riane Melluish,49599767L,2003
Simona Mardle,49584133W,2009
Celestina MacCostye,22017743G,2001
Meggi Clymo,77744022R,2003
Alexander Icom,67625066G,2001
Sarajane Groves,01806978W,2008
Salomon Tue,57437495U,1999
Merwin Lawley,84850352R,2001
Alisha Drake,83796789Q,1997
Valentina Farrar,20679349D,1987
Garnet Pirt,99638762G,1995
Carlynne Neathway,68701947J,2007
Faulkner Mapis,98876891R,2011
Livvyy Seeks,92974310A,1992
Tandi Elphee,52357684X,1981
Devin Van T'Hoog,99916748B,1988
Keelia Bettlestone,82677934C,2008
Tania Danskine,00242415I,2003
Rebekkah Hawsby,04383108X,1991
Cinderella Garth,24157500L,2010
Federica Bruneton,43247406H,2000
Albina Chaimson,08915116K,2012
Nessa Allom,46497921I,1988
Gypsy Roswarne,24705283X,2012
Leonerd Jacomb,07269208P,1996
Cathyleen Frantsev,49062981F,2008
Antons Elsworth,21262438H,1990
Andriana Fittes,77947727H,2000
Maynord Bownes,57407590T,2006
Karel Gillham,71308383I,2000
Filide Kubasiewicz,71966955P,2006
Dewie Rome,69820691J,2000
Dalia Lauderdale,45231490M,2012
Raff Hirsthouse,97147924E,1994
Matilda Kingscote,39876514N,1999
Gonzales Kilroy,15642351O,1978
Issi Smeeton,29132484B,2004
Niki Aimeric,60850326Q,2005
Carolee Sainz,73887897N,1996
Yorker Betje,86438184E,1997
Arlie Olner,43375920O,1992
Weidar Mallindine,86266476L,2009
Andrea Tittershill,64932863Q,1994
Stanleigh Paddison,70111400D,2003
Jayme Clail,15021551V,2003
Judi Iacapucci,11172465E,1990
Arline Brockway,33342021Y,2012
Farra Danielis,25463951G,2001
Violet Petegree,39857210G,2010
Maurine Anstiss,02076628J,1991
Parnell Nazer,55006705L,2001
Danette Tolchard,88501437M,2001
Corby Ales,44018253W,2002
Salvatore Braisher,47001725Y,2005
Evelin Doogood,63888352A,2012
Tawnya Ingre,60591851G,1984
Angel Mowsdill,84966629Y,2007
Zach Rosso,22599903W,1990
Fitzgerald Emanson,61341627S,2000
Ernaline Elnaugh,57920965W,2010
Halley Riddoch,06263132R,2009
Kettie Quinnet,40854930A,2009
Rolph Marc,96243218R,1999
Hayward Kearley,37663107Z,2003
Wallache Dayley,78500337W,2009
Haleigh Pethrick,42218870E,1992
Malchy Scroggie,42721471F,2007
Micheal Chetham,06488367A,2008
Tonie Weld,93200719N,2003
Christal Kmietsch,07325284E,2001
Florinda Iohananof,18418367Q,1998
Derk Challoner,57272686Z,1999
Carlota Inchboard,19397657V,1988
Kelsey Hanvey,37913412L,1993
Clement Rollings,01828876O,2005
Alberik Leggitt,13538661L,2012
Trina Mearing,25885808F,2002
Lisa Tweedie,50082127O,1991
Magdalene Ashwin,14861775W,1991
Cori Folk,75520816C,2012
Gusty Gallyhaock,66947053B,1995
Patrice Lovemore,32633358H,2009
Blisse Castellino,88743891E,2006
Sharona Durbin,74608218W,1999
Avery Dudny,18835789T,1995
Tatum Peiro,39809700X,1993
Ambrosi Halhead,72950969S,1984
Cooper Budgey,47498944C,1993
Candis Gauford,77131385F,2010
Clare Cathcart,55399429Z,1988
Myranda Pooley,07390686H,1996
Rhody Bullocke,08623961N,2006
Royall Playfair,87804983D,1999
Carina Titcumb,50828880A,2002
Meghan Muckloe,41170285H,2000
Shurlocke Alabastar,27916642B,2003
La verne Niland,79060309X,1996
Myca Whibley,53673698N,2008
Urbain Ioselevich,67912298I,2005
Codie Lentsch,37905345F,1995
Herschel Locksley,88288879V,1996
Collie Quartermaine,58999179I,2010
Diarmid Aldwick,50055377L,2005
Peadar Pimer,61021247Q,1993
Mia Miebes,09870264C,1997
Sayer Stockhill,28536924H,2004
Gustav Rohlf,85480375N,2005
Dru Enefer,02863299A,2006
Walliw Livock,99632936T,2010
Zara Altamirano,36392861L,2000
Andre McIlwrick,54875243F,2012
Edmon Scapens,75586927A,1996
Michaeline Sidey,13981176G,1970
Kathryne Willoughley,81887127D,2008
Naoma Babe,12715750R,1995
Katalin Pappi,21400447Y,1984
Erny Plank,82736842H,1997
Hestia Witherby,69163402E,2011
Barnett Leitche,43825982T,2012
Candida Lamanby,85822268W,1994
Chrystal Suff,65451556N,2009
Roz Costard,37410009V,1995
Mella Postgate,38851230M,1995
Jay Hosier,22185916T,2010
Cosetta Squire,13001233D,1992
Ivonne Dethloff,47582206B,1992
Natale Menary,80326469G,1999
Wenda MacGowan,58276137Q,2012
Kimball Smolan,43928272C,2006
Oates Rennels,50892317R,1992
Merrel Churchouse,90072663H,2010
Lisbeth Cratchley,86980275N,2011
Constancy Jeffes,00811400I,1998
Norbert Newlin,04276888U,2010
Tabb Chuter,74766642Q,1987
Wilhelm Elliman,08832490B,2008
Athena Blaxall,16732157W,1985
Aube Maydway,40850500B,2010
Edita Olenin,61066887V,2008
Filberto Paullin,96821863N,2008
Lyle Hellings,35958030N,2001
Milli Pride,69695087B,2007
Marlo Thomke,19631874E,1995
Cosme Skuce,50355151M,1992
Kip Rothermel,15604601H,2010
Rozelle Pitway,06002024L,1998
Abigael Slowey,38552571G,1999
Erena Childs,59036530C,2007
Eduardo Jerrold,46640218Z,1998
Clifford Riddiough,99245820J,2006
Demeter Andryushchenko,42438286K,2002
Ethelda Celes,11616166P,2008
Martyn Ladbrook,54569235R,1986
Margalo Ianitti,00305479I,1989
Beverley Blankenship,56972131S,2011
Carmella Sheekey,26788927Y,2004
Camilla Churchlow,29012561U,2010
Alice Saunders,47577219R,2006
Olympe Arnaut,25194420G,1992
Malva Brownjohn,22653626H,2005
Urban Speedin,65557827Q,2006
Reynard Penella,45306848X,1989
Johna Dober,82943227W,1970
Cari Mara,01968916F,2009
Kati Shillitoe,34028266U,2012
Arliene Paydon,13699436E,1957
Bondie Bogey,24691608Y,1994
Candie Kitchener,95241785U,2010
Essa Freeth,27980072M,2008
Hadleigh Wadman,95053220P,2006
Abbe Overel,49503923U,2006
Collete Drewett,94203083X,2001
Cindee Fontaine,71208883V,2006
Stanislaw Hamson,46313328W,2009
Arri Aubry,33163084Z,2010
Amos Farnaby,34135348B,2004
April Casetti,43726374C,2012
Fidelio Forri,71347179J,1990
Dov Lacey,31853895I,1997
Emilie Nettles,81148986F,2011
Luke Kneebone,52944439F,2000
Morris Le Breton,94295982T,2010
Lisbeth Pomfret,25626877F,2005
Isa Chanter,76517472L,1989
Flore Torr,20564333T,2008
Julia Blench,85889637R,1997
Zed Timson,36266753T,2008
Noland Gage,43440570Q,2000
Dory Grayshan,10569992Z,1986
Arielle Kinnock,05307814H,2003
Clareta Frantsev,11645360F,2007
Palm Jacke,00159952E,1999
Lilith Mottinelli,29963824T,1987
Adler Vales,40146993D,2005
Pepe Shercliff,63930796I,1995
Genvieve Simeoni,15364528X,1994
Jo Scholar,80512644C,1989
Alanah Dufer,75642770D,2007
Rhona Stidever,01868376M,1993
Willi Mozzini,94287635J,1993
Darnall Beglin,98962603U,1992
Sayres Tollet,88322712V,2006
Roxy Colgrave,55173658X,1993
Winny Korpal,55042885Z,1996
Maurice Pyper,92365792J,2006
Evey Pessolt,41671930G,2001
Iormina Brychan,80481105I,2003
Bastian Burdekin,07963108H,2010
Bronny Deans,55448571H,1995
Moshe de Vaen,55102175G,1989
Sonia Jahnisch,23064040L,1994
Bea De la Barre,40775182Q,1971
Shani Kloser,09159946S,2006
Celene Leamy,55799693S,2006
Harald Marling,19260449F,1996
Chelsea Alwood,51535766A,2009
Nickolaus Muehle,54154725Q,1992
Jamesy Jessopp,59675226R,1996
Domenic Pigdon,10854224J,2013
Isabelle de Werk,53683428C,1992
Ruddy Perillo,12009504C,1993
Gretna Kidder,66718970W,1992
Shae Wales,03322482Z,2013
Mariel Bonin,14762240D,2010
Athena Bottomer,77961108N,1992
Patricia Nast,69542583C,1994
Floyd Labon,54788008V,1995
Simon Barry,78479247T,2001
Ernest Comusso,75832926X,2006
Donovan Speir,59666142F,2005
Dom Kwiek,87828157U,2012
Elsbeth Dangl,09712821L,2000
Todd Langman,64083195C,2011
Jerrine Elmore,11380219C,2004
Johanna Redfield,90768989F,2006
Karie Frohock,76184248P,2002
Harley Beal,42959728O,2007
Alexis Pardon,74415447Z,1993
Laurella Markie,62237121Q,1999
Ivett Walne,69075399B,2004
Rey Litherborough,77766078M,1992
Stinky Thumim,84453806C,2004
Bradan Sherwood,47976197G,1984
Ave Mardy,66733264J,2011
Lorettalorna McGurgan,37181484E,1988
Fianna Dain,09864218V,2006
Melody Tumbridge,57519264C,1993
Julita Gligorijevic,37951310O,1993
Sidoney Jeannenet,13068299M,1998
Drew Henriet,64592613X,1992
Silas Mumford,97410115J,1998
Gerhardine Kach,97489499W,2008
Maurene MacGowing,70973799I,1998
Aloysia Gothup,46503011S,2003
Elaina Havvock,71760295E,2007
Atlanta Liffe,50223631S,2008
Dianemarie Partener,21060147W,2002
Tristam Abson,25880468O,2011
Emylee Kikke,71168882G,2011
Cathrine Gauntlett,47615104M,2006
Arel Castiello,89497414V,1996
Darrick Bake,34754651R,1997
Trudi Casham,74229525Q,1993
Olivie Divisek,40564064V,2001
Carlos Gillbanks,56435827O,2004
Vilhelmina Bernaert,42030345E,1997
Marielle Di Carli,92587806Y,1976
Rutherford Shine,81078403A,1997
Yance Kelso,15207477M,2001
Aundrea Rathbone,01598075P,2012
Karia Mellers,82943535L,1995
Thatcher Paynton,10409903D,1993
Shawn Proctor,70545694W,2005
Celka Brookson,97272579N,2010
Jermaine Reay,70445843J,2012
Crista Ewdale,66132831A,1993
Cally Fulleylove,75680980W,2005
Vale Pressnell,85678905B,2001
Maximilianus Evemy,30633676D,2001
Seward Moulster,47072990Z,2011
Karissa Tolomio,84197614U,2006
Adriaens Emanulsson,01836939N,2001
Ty Blabber,42483801A,1986
Liv Oldall,70397393V,1988
Gennifer De Minico,44885759R,1993
Diane-marie Batter,49207622M,1992
Suzi Booler,06050122D,2004
Douglass Spinks,17769556D,1985
Waring Doul,35408564M,1992
Wylma Zorzoni,80162949H,2010
Bessie Grancher,41320809I,2000
Alisa Torre,31730429V,1999
Simonne Gummery,96775554E,1993
Davida Darwood,01313584Q,1995
Asia Northey,01042084Z,2000
Windham O' Driscoll,24188619T,2007
Charlean Felgat,23111807U,1992
Bobette Clitsome,03894379R,2005
Archambault Claus,73503536U,1994
Halli Ceschi,25693147A,1994
Vic Fynan,34244631D,2002
Roxana Mor,73092451K,2009
Kaiser Dorkin,57928894B,2009
Kelley Greatbach,21317852F,2000
Gerladina Kendred,99877041I,2010
Bald Geal,15040904Z,2003
Adrianne Petras,80948118C,2010
Stacy Pickworth,49182983J,2008
Euell Gages,11576594Q,2008
Allan Swinnard,78889317O,2006
Frederico Letchford,77439497Z,2006
Mauricio Mourbey,38731152B,2005
Gannon Swindlehurst,67625654I,2001
Aurore Lemery,91272865S,1987
Robbin Giacoppo,73076986Z,1984
Andreas Slott,86245518W,2010
Sidoney Pinnocke,17587692O,2003
Gallard Finneran,89420645H,1998
Ernaline McKague,80935246C,1993
Nadya Mabe,31103460R,2003
Wayland Probert,08259300A,1997
Morlee Toffalo,92318610Q,2009
Aharon Wardesworth,09387197G,1993
Rozele Hawkett,71352845G,2010
Tilly Brandt,82218263V,2011
Bartolemo Blois,88569627M,2009
Tymon De Vries,18393966T,2009
Johannah Pietersma,66308691U,1993
Collette Frayling,63405756P,2001
Charmain Bottrell,45378048S,1995
Kaila Duro,97980474E,2009
Aimee Jarville,20031606Z,2012
Minne Torn,94734884X,2006
Theressa Greengrass,55719147E,2002
Marilyn Tolliday,48361413Y,1989
Sibelle Elington,45146589O,2009
Benita Simeoni,85385321J,1997
Hussein Longo,30213544Y,1991
Gussi Farlam,03281344J,2005
Truda Anelay,61665717M,1992
Flore Bussel,47630154V,2013
Maury Kondratovich,30001974J,2007
Danice Janusz,00704479Z,1986
Evangelina Staveley,15069519D,2011
Fergus Varnes,32347732A,2011
Norina Joskovitch,66832850B,1997
Rufus Bottoner,35275381U,1995
Carmen Amberg,89035834E,2011
Fabian Tuffey,04983411M,1997
Romola Hiscoe,58730255A,2005
Peggy Reinert,59074528H,1998
Dinnie Hullah,59059950J,2008
Omero Scarrisbrick,73531766C,2002
Annmaria Gyorgy,71252100E,2001
Charmian Shermar,15173272G,1995
Reg Ramelot,20937936S,2009
Laird Leggis,92462349S,2011
Dalt Christoforou,02075557B,2008
